county_name,year,month,rainfall_anomaly_1m,rainfall_anomaly_3m,rainfall_rolling_3m,consecutive_dry_months,ndvi_anomaly_1m,ndvi_anomaly_3m,ndvi_trend_3m,maize_price_change_1m,maize_price_change_3m,maize_price_zscore,previous_ipc_phase,target_phase3plus
Baringo,2019,1,,,26.5,0,,,,,,-1.5046507221370384,,0
Baringo,2019,2,37.7,,29.9,0,18.9,,,1.0986386434201099,,-1.4371505434552663,2.0,0
Baringo,2019,3,73.0,,72.5,0,40.7,,,-0.7795889440113395,,-1.4855745846834942,2.0,0
Baringo,2019,4,30.3,37.7,121.76666666666667,0,17.5,18.9,0.04999999999999993,3.1428571428571432,3.4631000716503464,-1.2918784197705828,2.0,0
Baringo,2019,5,44.0,73.0,167.63333333333333,0,30.2,40.7,-0.06399999999999995,-5.170821791320406,-2.9529884242853766,-1.6205749420470383,2.0,0
Baringo,2019,6,41.2,30.3,123.60000000000001,0,26.1,17.5,0.02400000000000002,3.9191820837390456,1.6428571428571428,-1.3843243166608359,2.0,0
Baringo,2019,7,33.0,44.0,74.43333333333334,0,23.0,30.2,-0.016999999999999904,-0.7027406886858749,-2.146814404432133,-1.4283461723228612,2.0,0
Baringo,2019,8,39.2,41.2,27.7,0,26.4,26.1,0.039999999999999925,-1.580561453172918,1.557935735150925,-1.526661649968051,2.0,0
Baringo,2019,9,59.5,33.0,28.266666666666666,0,35.2,23.0,-0.05500000000000005,1.414189837008629,-0.8901382056687749,-1.4400853338327346,2.0,0
Baringo,2019,10,41.8,39.2,40.300000000000004,0,10.5,26.4,-0.24700000000000005,0.1181753722524226,-0.07077140835102619,-1.4327483578890639,2.0,0
Baringo,2019,11,-38.8,59.5,79.66666666666667,1,-29.8,35.2,-0.06599999999999995,-2.1954674220963173,-0.6951102588686481,-1.5692161104413422,2.0,0
Baringo,2019,12,44.7,41.8,126.36666666666667,0,20.2,10.5,0.10099999999999998,5.696355298093169,3.497991018671709,-1.2229108459000766,2.0,0
Baringo,2020,1,62.8,-38.8,111.16666666666667,0,33.4,-29.8,0.11399999999999999,3.8821648778259874,7.389046270066101,-0.9734536638152665,2.0,0
Baringo,2020,2,-10.1,44.7,67.46666666666667,1,-3.9,20.2,-0.129,-3.033633765662783,6.468742457156649,-1.175954199860583,2.0,0
Baringo,2020,3,-8.1,62.8,47.76666666666667,2,-9.1,33.4,-0.20099999999999996,-0.24937655860349126,0.4795615437314455,-1.1920955469366588,2.0,0
Baringo,2020,4,-10.5,-10.1,74.26666666666667,3,-12.3,-3.9,-0.015000000000000013,0.5227272727272727,-2.7698395251703674,-1.1583454575957728,2.0,0
Baringo,2020,5,-20.0,-8.1,103.13333333333333,4,-7.3,-9.1,0.0030000000000000027,0.3391363328057879,0.6121060983903877,-1.13633452976476,2.0,0
Baringo,2020,6,-13.8,-10.5,73.33333333333333,5,-8.4,-12.3,0.02999999999999997,-2.2757999098693102,-1.4318181818181819,-1.284541443826912,2.0,0
Baringo,2020,7,-1.8,-20.0,47.800000000000004,6,-5.5,-7.3,0.03600000000000003,-0.6917223887479825,-2.6226543070314268,-1.3285632994889371,2.0,0
Baringo,2020,8,4.9,-13.8,19.2,0,0.9,-8.4,0.03699999999999998,-0.20896215463199444,-3.1545741324921135,-1.3417698561875449,2.0,0
Baringo,2020,9,-3.9,-1.8,18.866666666666664,1,0.0,-5.5,0.02100000000000002,3.5365286179618427,2.6054876642840674,-1.11872578749995,2.0,0
Baringo,2020,10,-7.0,4.9,45.9,2,-0.7,0.9,-0.03600000000000003,-0.0898876404494382,3.2273043882052472,-1.1245953682548866,2.0,0
Baringo,2020,11,-1.5,-3.9,69.2,3,-7.3,0.0,-0.044999999999999984,0.9896536212325686,4.467194043741276,-1.060029979950583,2.0,0
Baringo,2020,12,-14.0,-7.0,100.93333333333332,4,-10.2,-0.7,0.064,0.779510022271715,1.6853932584269662,-1.0086711483448867,2.0,0
Baringo,2021,1,10.0,-1.5,69.56666666666666,0,13.9,-7.3,-0.11699999999999999,28.795580110497237,31.084120557804766,0.9033447825757454,2.0,0
Baringo,2021,2,-62.6,-14.0,42.56666666666666,1,-33.9,-10.2,-0.10600000000000004,-0.2230610844200412,29.51002227171492,0.884268645122201,2.0,0
Baringo,2021,3,-61.6,10.0,20.066666666666666,2,-34.3,13.9,-0.23099999999999998,-1.4961306964746346,26.585635359116022,0.7566052637023277,2.0,0
Baringo,2021,4,-62.3,-62.6,34.46666666666667,3,-38.6,-33.9,0.0030000000000000027,-0.19203910614525138,-1.904598490048044,0.7404639166262518,2.0,0
Baringo,2021,5,-58.3,-61.6,48.866666666666674,4,-33.2,-34.3,-0.0020000000000000018,0.5422424348434494,-1.1521926053310405,0.7859531674770112,2.0,0
Baringo,2021,6,-58.2,-62.3,36.233333333333334,5,-34.8,-38.6,-0.0050000000000000044,1.51356993736952,1.8680167597765363,0.9136165488968846,2.0,0
Baringo,2021,7,-60.0,-58.3,21.7,6,-39.8,-33.2,-0.04899999999999999,-1.9537275064267352,0.06996676578625152,0.7463334973811885,2.0,0
Baringo,2021,8,-64.7,-58.2,6.8999999999999995,7,-44.3,-34.8,-0.014999999999999958,2.0450970110120608,1.5657620041753653,0.9180187344630871,2.0,0
Baringo,2021,9,-67.8,-60.0,6.633333333333334,8,-38.2,-39.8,0.02699999999999997,-0.2569373072970195,-0.2056555269922879,0.8960078066320745,2.0,0
Baringo,2021,10,-64.2,-64.7,18.0,9,-33.6,-44.3,0.05299999999999999,-0.858663918942126,0.9089320048942492,0.8226380471953656,2.0,0
Baringo,2021,11,-60.2,-67.8,24.833333333333332,10,-32.3,-38.2,-0.02400000000000002,0.4330504070673827,-0.6851661527920521,0.85932292691372,2.0,0
Baringo,2021,12,-74.0,-64.2,35.63333333333333,11,-43.6,-33.6,-0.007000000000000006,0.6553984132459468,0.2232526189249528,0.9150839440856188,2.0,0
Baringo,2022,1,-61.8,-60.2,24.866666666666664,12,-35.2,-32.3,0.008000000000000007,-0.35983550376970524,0.7275246838732028,0.884268645122201,2.0,1
Baringo,2022,2,-55.3,-74.0,18.566666666666666,13,-30.5,-43.6,0.03300000000000003,1.9948409286328461,2.293894446360814,1.0544864870153656,3.0,1
Baringo,2022,3,-59.5,-61.8,23.066666666666663,14,-36.1,-35.2,0.0030000000000000027,0.15174506828528073,1.782042494859493,1.0676930437139731,3.0,1
Baringo,2022,4,-56.4,-55.3,37.1,15,-34.5,-30.5,-0.02999999999999997,0.7407407407407408,2.9062768701633703,1.132258432018277,3.0,1
Baringo,2022,5,-58.1,-59.5,51.43333333333334,16,-37.3,-36.1,0.01599999999999996,-2.356283422459893,-1.4837295565671893,0.925355710406758,3.0,1
Baringo,2022,6,-58.0,-56.4,35.96666666666667,17,-32.5,-34.5,-0.025999999999999968,4.5011124422385755,2.7946127946127945,1.3112806450438463,3.0,1
Baringo,2022,7,-66.8,-58.1,21.166666666666668,18,-40.5,-37.3,0.0050000000000000044,-2.1945627251883395,-0.2005347593582888,1.1146496897534668,3.0,1
Baringo,2022,8,-67.3,-58.0,6.6000000000000005,19,-36.1,-32.5,-0.013000000000000012,3.6671131949095783,5.955844600376519,1.4360092360862515,3.0,1
Baringo,2022,9,-63.1,-66.8,6.3999999999999995,20,-35.5,-40.5,0.032999999999999974,-0.9853012437409143,0.3930560104814936,1.3464981295734666,3.0,1
Baringo,2022,10,-69.9,-67.3,18.133333333333333,21,-33.0,-36.1,0.011999999999999955,-2.6427406199021206,-0.06697923643670461,1.10878010899853,3.0,1
Baringo,2022,11,-59.6,-63.1,28.5,22,-33.4,-35.5,0.028000000000000025,-0.20107238605898123,-3.7958326603133576,1.09117136673372,3.0,1
Baringo,2022,12,-62.9,-69.9,41.800000000000004,23,-29.1,-33.0,-0.007000000000000006,-1.6789791806581598,-4.469820554649266,0.9444318478603023,3.0,1
Baringo,2023,1,-55.6,-59.6,31.733333333333334,24,-34.5,-33.4,0.05299999999999999,1.4173497267759563,-0.4859249329758713,1.066225648525239,3.0,0
Baringo,2023,2,-41.3,-62.9,23.433333333333337,25,-21.4,-29.1,0.046999999999999986,-6.600437784138744,-6.867024848891874,0.4910067345414417,2.0,0
Baringo,2023,3,-30.9,-55.6,35.46666666666666,26,-18.4,-34.5,0.039000000000000035,0.7751937984496124,-4.5423497267759565,0.5541047276570114,2.0,0
Baringo,2023,4,-32.4,-41.3,60.9,27,-25.7,-21.4,0.051000000000000045,3.7924865831842576,-2.3067856541505303,0.8651925076686567,2.0,0
Baringo,2023,5,-27.6,-30.9,82.19999999999999,28,-9.8,-18.4,0.019000000000000017,-0.8790072388831437,3.6776636019469984,0.7903553530432137,2.0,0
Baringo,2023,6,-36.2,-32.4,59.333333333333336,29,-14.1,-25.7,0.04299999999999998,-1.7562163102069206,1.073345259391771,0.6421484389810619,2.0,0
Baringo,2023,7,-31.4,-27.6,34.699999999999996,30,-15.9,-9.8,-0.03700000000000003,-2.8849557522123894,-5.429162357807653,0.40296302321739114,2.0,0
Baringo,2023,8,-28.8,-36.2,12.433333333333332,31,-18.2,-14.1,-0.03999999999999998,7.2717331875341715,2.3474178403755865,0.9884537035223275,2.0,0
Baringo,2023,9,-46.0,-31.4,12.133333333333333,32,-23.2,-15.9,-0.020000000000000018,-1.5800203873598369,2.5309734513274336,0.8519859509700491,2.0,0
Baringo,2023,10,-36.1,-28.8,65.66666666666667,33,-20.5,-18.2,0.241,-10.616261004660798,-5.6314926189174415,-0.050462090101469445,2.0,0
Baringo,2023,11,69.5,-46.0,132.16666666666666,0,36.6,-23.2,0.37199999999999994,-0.3862495171881035,-12.36833163438668,-0.07980999387615298,2.0,0
Baringo,2023,12,104.1,-36.1,195.16666666666666,0,61.4,-20.5,0.352,-0.5622334238076774,-11.462109442430519,-0.1223644543494441,2.0,0
Baringo,2024,1,95.7,69.5,145.8,0,59.5,36.6,-0.05999999999999994,1.6182491713784362,0.656624179219776,-0.0005706536845074388,2.0,0
Baringo,2024,2,36.1,104.1,84.7,0,23.0,61.4,-0.20199999999999996,0.4604758250191865,1.5122140364482357,0.0346468308451128,2.0,0
Baringo,2024,3,38.2,95.7,77.86666666666667,0,15.5,59.5,-0.122,3.4950343773873183,5.65412361084032,0.30318015038346713,2.0,0
Baringo,2024,4,49.4,36.1,117.5,0,31.8,23.0,-0.07400000000000001,-2.5465953127883374,1.323867996930161,0.10067961433815074,2.0,0
Baringo,2024,5,19.9,38.2,159.83333333333334,0,6.1,15.5,0.0010000000000000009,2.0829388373414126,2.9602750190985483,0.26209308509891016,2.0,0
Baringo,2024,6,26.9,49.4,107.16666666666667,0,15.7,31.8,-0.08699999999999997,-3.1534038211834536,-3.6538106661745706,0.01263590301410015,2.0,0
Baringo,2024,7,18.4,19.9,67.36666666666666,0,12.0,6.1,0.056999999999999995,0.3639149588201494,-0.776368112099981,0.040516411600049505,2.0,0
Baringo,2024,8,33.5,26.9,23.900000000000002,0,19.1,15.7,-0.02100000000000002,0.7251908396946565,-2.096086069374884,0.09627742877194821,2.0,0
Baringo,2024,9,20.5,18.4,26.46666666666667,0,10.9,12.0,0.09099999999999997,0.037893141341417205,1.1300517142309903,0.09921221914941657,2.0,0
Baringo,2024,10,58.4,33.5,47.26666666666667,0,32.7,19.1,-0.138,-0.01893939393939394,0.7442748091603053,0.09774482396068239,2.0,0
Baringo,2024,11,-14.3,20.5,77.96666666666665,1,-12.3,10.9,0.010000000000000009,0.1515438530024626,0.17051913603637742,0.10948398547055581,2.0,0
Baringo,2024,12,12.1,58.4,118.93333333333334,0,13.2,32.7,-0.020000000000000018,0.3026290902212975,0.43560606060606066,0.13296230849030263,2.0,0
Garissa,2019,1,,,10.6,0,,,,,,-1.461923041856351,,0
Garissa,2019,2,16.5,,12.05,0,18.6,,,1.5805211448099103,,-1.355886503922449,2.0,0
Garissa,2019,3,48.4,,34.73333333333333,0,43.2,,,-1.5349032800672835,,-1.460490115668055,2.0,0
Garissa,2019,4,14.1,16.5,57.03333333333333,0,12.5,18.6,-0.056999999999999995,1.5374759769378605,1.5591627509611277,-1.357319430110745,2.0,0
Garissa,2019,5,10.4,48.4,82.46666666666665,0,-1.8,43.2,-0.07200000000000001,-1.3249211356466877,-1.3456686291000841,-1.4475937799733911,2.0,0
Garissa,2019,6,27.9,14.1,60.56666666666666,0,17.5,12.5,0.065,-2.3870417732310316,-2.1994448003416616,-1.60808151306254,2.0,0
Garissa,2019,7,58.2,10.4,38.266666666666666,0,35.7,-1.8,0.07499999999999996,3.122270742358079,-0.6729758149316508,-1.403173068136216,2.0,0
Garissa,2019,8,16.5,27.9,12.9,0,25.0,17.5,0.05399999999999999,-2.3925471098877833,-1.7476555839727195,-1.565093727413661,2.0,0
Garissa,2019,9,50.5,58.2,12.466666666666667,0,36.8,35.7,0.01100000000000001,2.9067245119305856,3.5807860262008733,-1.3730816181820007,2.0,0
Garissa,2019,10,44.0,16.5,35.03333333333333,0,39.6,25.0,0.014000000000000012,-0.6534569983136593,-0.21172983273343213,-1.4175023300191758,2.0,0
Garissa,2019,11,31.2,50.5,60.46666666666666,0,30.0,36.8,0.03999999999999998,-3.0341608317419904,-0.8676789587852495,-1.6224107749455,2.0,0
Garissa,2019,12,50.8,44.0,73.89999999999999,0,51.1,39.6,-0.11699999999999999,4.923413566739606,1.0750421585160204,-1.300002382578906,2.0,0
Garissa,2020,1,-10.5,31.2,50.099999999999994,1,-2.1,30.0,-0.182,2.7737226277372264,4.561850201570125,-1.1094231995355417,2.0,0
Garissa,2020,2,-24.2,50.8,23.2,2,-35.0,51.1,-0.10199999999999998,0.6696428571428571,8.555798687089714,-1.0621366353217747,2.0,0
Garissa,2020,3,2.2,-10.5,25.3,0,14.6,-2.1,-0.049000000000000016,-0.8062890546260835,2.627737226277372,-1.1194536828536135,2.0,0
Garissa,2020,4,-15.0,-24.2,43.1,1,-19.6,-35.0,0.04200000000000001,3.31233489128226,3.1655844155844153,-0.88588671416137,2.0,0
Garissa,2020,5,-14.1,2.2,66.7,2,-20.0,14.6,0.017000000000000015,-4.681353265145555,-2.31808103204999,-1.2269231469758115,2.0,0
Garissa,2020,6,14.1,-15.0,49.86666666666665,0,20.7,-19.6,0.07099999999999998,2.24927775484936,0.6909164803901646,-1.0707341924515505,2.0,0
Garissa,2020,7,1.1,-14.1,33.0,0,5.7,-20.0,0.08499999999999999,0.4843592330978809,-2.065302911093627,-1.0363439639324472,2.0,0
Garissa,2020,8,6.6,14.1,9.299999999999999,0,10.4,20.7,-0.05400000000000005,-4.057039566177948,-1.4238547255468428,-1.3257950539682335,2.0,0
Garissa,2020,9,-1.1,1.1,9.0,1,1.4,5.7,-0.04899999999999999,0.8582792547624032,-2.7648839556004035,-1.2670450802480986,2.0,0
Garissa,2020,10,-8.8,6.6,28.2,2,-11.8,10.4,0.03799999999999998,4.379410543794105,1.004217714400482,-0.9646976545176486,2.0,0
Garissa,2020,11,12.8,-1.1,43.79999999999999,0,23.9,1.4,0.007000000000000006,-2.1475442433883476,3.0144442118484402,-1.1194536828536135,2.0,0
Garissa,2020,12,-6.5,-8.8,59.46666666666666,1,3.9,-11.8,-0.007000000000000006,0.629953261532209,2.7812370278123706,-1.0750329710164384,2.0,0
Garissa,2021,1,-7.3,12.8,38.199999999999996,2,-14.3,23.9,-0.24699999999999997,26.070274636510497,24.139988069198647,0.774874738073662,2.0,1
Garissa,2021,2,-61.5,-6.5,20.73333333333333,3,-64.3,3.9,-0.13199999999999998,1.521704308825885,28.79496037390774,0.9110027259617794,3.0,1
Garissa,2021,3,-62.6,-7.3,11.199999999999998,4,-43.2,-14.3,-0.10999999999999999,-1.230672136320606,26.413570274636513,0.7992344832746936,3.0,1
Garissa,2021,4,-62.0,-61.5,18.666666666666668,5,-53.6,-64.3,0.0010000000000000009,0.06389776357827476,0.3363767419509851,0.8049661880278774,3.0,1
Garissa,2021,5,-63.1,-62.6,25.433333333333334,6,-63.9,-43.2,-0.07,1.7241379310344827,0.5364468286525718,0.9597222163638425,3.0,1
Garissa,2021,6,-66.2,-62.0,17.766666666666666,7,-68.2,-53.6,-0.034,-2.7306967984934087,-0.9904153354632588,0.7103930596003433,3.0,1
Garissa,2021,7,-59.3,-63.1,10.466666666666667,8,-65.7,-63.9,0.06,0.516295579219103,-0.5427841634738186,0.7562466976258144,3.0,1
Garissa,2021,8,-56.0,-66.2,3.733333333333333,9,-42.5,-68.2,0.020000000000000004,-1.1235955056179776,-3.327055869428751,0.6559418644450963,3.0,1
Garissa,2021,9,-61.5,-59.3,3.6999999999999997,10,-61.1,-65.7,0.04100000000000001,2.75974025974026,2.1297192642787994,0.8995393164554116,3.0,1
Garissa,2021,10,-60.4,-56.0,11.166666666666666,11,-51.1,-42.5,-0.022999999999999993,-4.502369668246446,-2.9695024077046552,0.4911553527910595,3.0,1
Garissa,2021,11,-55.8,-61.5,17.2,12,-50.7,-61.1,0.016,3.7551695616211744,1.8181818181818181,0.8164295975342453,3.0,1
Garissa,2021,12,-63.8,-60.4,22.900000000000002,13,-55.4,-51.1,-0.015000000000000013,0.04783163265306122,-0.8688783570300158,0.8207283760991332,3.0,1
Garissa,2022,1,-65.3,-55.8,15.133333333333333,14,-56.4,-50.7,-0.017000000000000015,3.808764940239044,7.758478081058725,1.1631977351018705,3.0,1
Garissa,2022,2,-65.9,-63.8,9.133333333333333,15,-56.8,-55.4,0.009000000000000008,-2.425544980042984,1.3392857142857142,0.936795397351107,3.0,1
Garissa,2022,3,-60.4,-65.3,10.5,16,-52.1,-56.4,0.024999999999999994,1.195720578980491,2.50199203187251,1.0456977876616007,3.0,1
Garissa,2022,4,-64.7,-65.9,15.533333333333331,17,-47.5,-56.8,-0.040999999999999995,4.104477611940299,2.7939821922014123,1.4239903013717374,3.0,1
Garissa,2022,5,-74.1,-60.4,23.266666666666666,18,-71.4,-52.1,-0.01100000000000001,-1.881720430107527,3.366897419760856,1.243441601646445,3.0,1
Garissa,2022,6,-61.8,-64.7,15.700000000000001,19,-56.1,-47.5,-0.05099999999999999,4.550989345509893,6.794154228855722,1.6718865319469407,3.0,1
Garissa,2022,7,-76.9,-74.1,10.6,20,-65.7,-71.4,0.021999999999999992,-4.993448828068132,-2.5388291517323776,1.1803928493614222,3.0,1
Garissa,2022,8,-68.1,-61.8,2.6666666666666665,21,-63.6,-56.1,-0.017,2.359791602819491,1.67427701674277,1.401063482359002,3.0,1
Garissa,2022,9,-67.0,-76.9,3.4333333333333336,22,-62.1,-65.7,0.04799999999999999,-3.5778443113772456,-6.230892415198719,1.0585941233562646,3.0,1
Garissa,2022,10,-51.6,-68.1,10.066666666666668,23,-48.6,-63.6,0.05900000000000001,0.37261294829995345,-0.9347226478700583,1.092984351875368,3.0,1
Garissa,2022,11,-61.8,-67.0,16.766666666666666,24,-42.5,-62.1,0.02800000000000001,3.9133797370456302,0.5688622754491018,1.455514677514249,3.0,1
Garissa,2022,12,-61.3,-51.6,23.833333333333332,25,-52.1,-48.6,-0.02099999999999999,-3.7660017862459068,0.37261294829995345,1.092984351875368,3.0,1
Garissa,2023,1,-57.1,-61.8,18.233333333333334,26,-56.1,-42.5,0.023999999999999994,-3.0781129156999225,-3.0781129156999225,0.8078320404044694,3.0,1
Garissa,2023,2,-34.1,-61.3,12.666666666666666,27,-33.9,-52.1,0.07699999999999999,-2.393871688477498,-8.96100029770765,0.5928931121600736,3.0,1
Garissa,2023,3,-29.7,-57.1,21.333333333333332,28,-24.6,-56.1,0.099,-3.499018966644866,-8.708430007733952,0.28624690786473544,3.0,1
Garissa,2023,4,-26.5,-34.1,37.36666666666667,29,-20.7,-33.9,0.018000000000000016,-0.42358522534733983,-6.208107245451644,0.2504237531573361,3.0,1
Garissa,2023,5,-22.9,-29.7,51.46666666666667,30,-27.5,-24.6,-0.006000000000000005,3.3690658499234303,-0.6703727926749509,0.5341431384399387,3.0,1
Garissa,2023,6,-30.6,-26.5,36.666666666666664,31,-26.8,-20.7,-0.02099999999999999,-2.4855967078189303,0.3727549983056591,0.3177712840072468,3.0,1
Garissa,2023,7,-20.9,-22.9,20.566666666666666,32,-28.2,-27.5,-0.015000000000000013,5.604321404456448,6.448868470307981,0.7935027785215096,3.0,1
Garissa,2023,8,-36.3,-30.6,6.133333333333333,33,-32.9,-26.8,-0.011999999999999983,0.9910485933503836,4.0,0.88234420219586,3.0,1
Garissa,2023,9,-40.7,-20.9,5.266666666666667,34,-31.1,-28.2,-0.084,2.40582462804685,9.216745442268737,1.1001489828168478,3.0,1
Garissa,2023,10,-49.5,-36.3,35.06666666666667,35,-58.2,-32.9,0.239,-13.786707882534778,-10.837595907928389,-0.17802117714315965,3.0,1
Garissa,2023,11,59.5,-40.7,67.2,0,52.5,-31.1,0.282,-1.559698816780208,-13.089585311807534,-0.30268575552490923,3.0,1
Garissa,2023,12,70.6,-49.5,92.7,0,69.6,-58.2,0.23099999999999998,2.039701329448188,-13.400309119010819,-0.14219802243576032,3.0,1
Garissa,2024,1,35.9,59.5,65.46666666666667,0,24.3,52.5,-0.034999999999999976,-0.053542744958058185,0.39440659734671923,-0.14649680100064824,3.0,0
Garissa,2024,2,48.4,70.6,34.36666666666667,0,40.0,69.6,-0.22799999999999998,2.767857142857143,4.807867419413586,0.07560675818522748,2.0,0
Garissa,2024,3,-6.6,35.9,34.800000000000004,1,-11.8,24.3,-0.023999999999999966,0.3475238922675934,3.0697840442620024,0.10426528195114693,2.0,0
Garissa,2024,4,17.4,48.4,64.16666666666667,0,15.7,40.0,-0.014000000000000012,-0.7619047619047619,2.3392857142857144,0.04121652966612414,2.0,0
Garissa,2024,5,44.7,-6.6,92.7,0,35.0,-11.8,0.08700000000000002,1.7448961786773687,1.320590790616855,0.1845091484957214,2.0,0
Garissa,2024,6,34.0,17.4,69.06666666666666,0,19.3,15.7,0.019000000000000017,1.646372834848225,2.632034632034632,0.3220700625721347,2.0,0
Garissa,2024,7,26.4,44.7,38.63333333333333,0,22.5,35.0,-0.02400000000000002,-2.44643158427535,0.8898970511254581,0.11429576526921874,2.0,0
Garissa,2024,8,13.2,34.0,10.333333333333334,0,26.4,19.3,-0.050000000000000044,-1.176063645797302,-2.006516892471274,0.01685678446509261,2.0,0
Garissa,2024,9,1.1,26.4,9.866666666666667,0,1.4,22.5,-0.028000000000000025,2.2751137556877845,-1.4003711827231315,0.20313718894356902,2.0,0
Garissa,2024,10,11.0,13.2,28.966666666666665,0,12.5,26.4,-0.020999999999999963,0.838466803559206,1.9197509512279487,0.2733505721700717,2.0,0
Garissa,2024,11,13.3,1.1,56.133333333333326,0,18.9,1.4,0.137,0.2715085694892245,3.4126706335316768,0.2962773911828072,2.0,0
Garissa,2024,12,52.0,11.0,70.60000000000001,0,50.4,12.5,-0.067,-3.0123540362159416,-1.9336071184120465,0.04121652966612414,2.0,0
Mandera,2019,1,,,11.0,0,,,,,,-1.443453484723428,,0
Mandera,2019,2,57.1,,10.55,0,68.2,,,1.9302737837305497,,-1.3010038310470338,2.0,0
Mandera,2019,3,44.3,,25.3,0,47.7,,,-4.521739130434783,,-1.6411387183967914,2.0,0
Mandera,2019,4,-2.1,57.1,41.166666666666664,1,-5.5,68.2,-0.11099999999999999,4.675166970248937,1.8711837699428797,-1.305364534731005,2.0,0
Mandera,2019,5,4.6,44.3,60.26666666666667,0,17.7,47.7,-0.08400000000000002,-5.974477958236659,-6.028985507246377,-1.7545170141800437,2.0,0
Mandera,2019,6,20.4,-2.1,44.9,0,9.5,-5.5,0.12100000000000002,5.593255192268147,3.9263307022869864,-1.3591465468333173,2.0,0
Mandera,2019,7,24.3,4.6,28.26666666666667,0,49.5,17.7,0.030999999999999972,-3.11587147030185,-3.8089713843774167,-1.5917174099784503,2.0,0
Mandera,2019,8,24.3,20.4,8.799999999999999,0,31.8,9.5,0.05199999999999999,2.371859296482412,4.729590787579683,-1.4201963984089145,2.0,0
Mandera,2019,9,28.6,24.3,9.433333333333332,0,33.2,49.5,0.025999999999999968,1.178087571176124,0.3505355404089581,-1.3329823247294896,2.0,0
Mandera,2019,10,51.4,24.3,25.733333333333334,0,61.4,31.8,0.0,1.4942751795070832,5.125628140703518,-1.2210575968408943,2.0,0
Mandera,2019,11,21.0,28.6,41.03333333333333,0,31.8,33.2,-0.05299999999999999,-0.4397705544933079,2.238366385234636,-1.2544896584180072,2.0,0
Mandera,2019,12,15.3,51.4,58.300000000000004,0,9.1,61.4,-0.02899999999999997,-2.7270981371231033,-1.7077430622938095,-1.4608962994593129,2.0,0
Mandera,2020,1,31.1,21.0,41.666666666666664,0,48.2,31.8,-0.04199999999999998,5.449160908193484,2.1223709369024855,-1.059711560533958,2.0,0
Mandera,2020,2,10.0,15.3,25.96666666666667,0,12.7,9.1,0.0010000000000000009,-1.7974162141920986,0.7297868254273093,-1.199254078421038,2.0,0
Mandera,2020,3,11.4,31.1,20.833333333333332,0,9.5,48.2,-0.137,-0.9532888465204957,2.566633761105627,-1.2719324731538921,2.0,0
Mandera,2020,4,-16.1,10.0,36.666666666666664,1,-14.1,12.7,-0.04200000000000001,4.177093358999037,1.329339075079573,-0.9565082400133051,2.0,0
Mandera,2020,5,-1.4,11.4,44.833333333333336,2,-6.4,9.5,-0.142,-4.194382852919438,-1.1439466158245948,-1.286468152100463,2.0,0
Mandera,2020,6,-42.3,-16.1,31.0,3,-55.0,-14.1,-0.017999999999999988,2.333654773384764,2.136669874879692,-1.110586436846956,2.0,0
Mandera,2020,7,-21.4,-1.4,14.633333333333331,4,-22.3,-6.4,-0.02099999999999999,0.5653976630229929,-1.4042867701404287,-1.0669794000072435,2.0,0
Mandera,2020,8,-12.9,-42.3,5.63333333333333,5,-15.9,-55.0,0.07399999999999998,0.6934032983508246,3.6258437801350047,-1.0131973879049314,2.0,0
Mandera,2020,9,-24.3,-21.4,6.033333333333331,6,-21.4,-22.3,0.04899999999999999,-0.5397357156151126,0.7161703731624576,-1.0553508568499868,2.0,0
Mandera,2020,10,-4.3,-12.9,22.63333333333333,7,0.0,-15.9,0.07700000000000001,-0.9169161676646707,-0.7683658170914542,-1.126575683688184,2.0,0
Mandera,2020,11,17.4,-24.3,33.53333333333333,0,19.1,-21.4,-0.023999999999999994,-1.41643059490085,-2.8475711892797317,-1.235593275787465,2.0,0
Mandera,2020,12,-20.2,-4.3,43.666666666666664,1,-32.3,0.0,-0.056999999999999995,2.432950191570881,0.0561377245508982,-1.0509901531660155,2.0,0
Mandera,2021,1,-22.1,17.4,25.933333333333326,2,-25.9,19.1,-0.182,25.62184402468674,26.855524079320116,0.9403978625141882,2.0,1
Mandera,2021,2,-61.4,-20.2,14.266666666666666,3,-63.6,-32.3,-0.06899999999999999,-2.992407324698526,24.82758620689655,0.6482307156881145,3.0,1
Mandera,2021,3,-57.1,-22.1,9.566666666666665,4,-63.6,-25.9,-0.083,-0.49109883364027007,21.26426033289695,0.601716543059088,3.0,1
Mandera,2021,4,-58.9,-61.4,15.699999999999998,5,-63.6,-63.6,0.0,1.61937075879087,-1.9056126246836385,0.7543411719980816,3.0,1
Mandera,2021,5,-62.3,-57.1,22.0,6,-63.6,-63.6,0.0,2.337228714524207,3.483732351135666,0.9781906277752724,3.0,1
Mandera,2021,6,-60.9,-58.9,15.399999999999999,7,-63.6,-63.6,0.0,-2.921548272282367,0.9561998766193708,0.6918377525278271,3.0,1
Mandera,2021,7,-54.3,-62.3,8.93333333333333,8,-63.6,-63.6,0.0,5.087076076993584,4.401274852026104,1.1758758614486358,3.0,1
Mandera,2021,8,-75.7,-60.9,2.3666666666666645,9,-63.6,-63.6,0.0,0.8140718127634832,2.847397300904642,1.2572756635494324,3.0,1
Mandera,2021,9,-68.6,-54.3,2.033333333333331,10,-63.6,-63.6,0.0,-2.0331651045421775,3.7885731744576843,1.0523225904027838,3.0,1
Mandera,2021,10,-68.6,-75.7,8.966666666666663,11,-63.6,-63.6,0.0,-4.194877833382396,-5.378688762901584,0.6380557404255149,3.0,1
Mandera,2021,11,-52.7,-68.6,15.899999999999997,12,-63.6,-63.6,0.0,-2.1662313719465356,-8.175919250180245,0.43310266727886626,3.0,1
Mandera,2021,12,-51.7,-68.6,20.799999999999997,13,-63.6,-63.6,0.0,6.25,-0.41212834854283187,1.0116226893523854,3.0,1
Mandera,2022,1,-64.5,-52.7,14.233333333333329,14,-63.6,-63.6,0.0,1.699674844812297,5.715163619603626,1.1787829972379498,3.0,1
Mandera,2022,2,-60.0,-51.7,7.366666666666663,15,-63.6,-63.6,0.0010000000000000009,0.15986048539456474,8.228643216080402,1.1947722440791777,4.0,1
Mandera,2022,3,-65.7,-64.5,8.13333333333333,16,-63.2,-63.6,0.0,1.625072547881602,3.5175879396984926,1.357571848280771,4.0,1
Mandera,2022,4,-65.7,-60.0,14.76666666666666,17,-63.6,-63.6,0.0,-1.856082238720731,-0.10172939979654119,1.1686080219753503,4.0,1
Mandera,2022,5,-59.5,-65.7,19.966666666666665,18,-63.6,-63.2,-0.0010000000000000009,-0.08728542333430317,-0.3482298316889147,1.1598866146074078,4.0,1
Mandera,2022,6,-67.9,-65.7,14.499999999999995,19,-63.6,-63.6,0.0,-1.9073966220151426,-3.812107367218732,0.96946922040733,4.0,1
Mandera,2022,7,-60.0,-59.5,7.899999999999996,20,-63.6,-63.6,0.0,0.43045866112512987,-1.5711376200174572,1.0116226893523854,4.0,1
Mandera,2022,8,-58.6,-67.9,2.9666666666666632,21,-63.6,-63.6,0.0,-0.3842743127401715,-1.8637157833430402,0.9738299240913012,4.0,1
Mandera,2022,9,-54.3,-60.0,2.9666666666666632,22,-63.6,-63.6,0.0,2.0474777448071215,2.092919697194597,1.1744222935539785,4.0,1
Mandera,2022,10,-60.0,-58.6,7.5333333333333306,23,-63.6,-63.6,0.0,2.3698749636522245,4.064439846290275,1.411353860383083,4.0,1
Mandera,2022,11,-65.1,-54.3,11.566666666666663,24,-63.6,-63.6,0.0,0.9941769634995028,5.5044510385756675,1.513103613009079,4.0,1
Mandera,2022,12,-67.9,-60.0,18.966666666666665,25,-63.6,-63.6,0.012999999999999998,-9.154830544227254,-6.077348066298343,0.566830913587318,4.0,1
Mandera,2023,1,-47.5,-65.1,14.999999999999998,26,-57.7,-63.6,0.052000000000000005,1.501547987616099,-6.874023576196563,0.707826999369055,4.0,1
Mandera,2023,2,-32.9,-67.9,11.266666666666664,27,-40.0,-63.6,0.048,3.202684154338874,-4.837575587118549,1.0130762572470424,3.0,1
Mandera,2023,3,-41.4,-47.5,13.066666666666663,28,-41.8,-57.7,0.026999999999999996,2.955519432540269,7.84829721362229,1.303789836178459,3.0,1
Mandera,2023,4,-45.7,-32.9,24.899999999999995,29,-45.5,-40.0,0.010999999999999982,-7.047509688531648,-1.2353210309592801,0.5900879999018313,3.0,1
Mandera,2023,5,-28.2,-41.4,37.8,30,-35.0,-41.8,-0.0020000000000000018,-0.8956145768993207,-5.1573814097827695,0.5057810620117205,3.0,1
Mandera,2023,6,-23.6,-45.7,29.199999999999992,31,-42.7,-45.5,0.05100000000000002,2.570894359613587,-5.51169800488015,0.7456197646301391,3.0,1
Mandera,2023,7,-34.3,-28.2,17.83333333333333,32,-22.3,-35.0,0.02300000000000002,-4.92176819079447,-3.350833848054355,0.2746637667612442,3.0,1
Mandera,2023,8,-12.9,-23.6,5.266666666666661,33,-24.5,-42.7,0.009000000000000008,3.562869467966129,0.9971953879713306,0.5988094072697737,3.0,1
Mandera,2023,9,-27.1,-34.3,5.666666666666662,34,-38.6,-22.3,0.0,-5.0910212897253935,-6.547166945161781,0.11913200203293632,3.0,1
Mandera,2023,10,-17.1,-12.9,29.73333333333333,35,-22.3,-24.5,0.19699999999999998,-3.2347204161248375,-4.888959897747244,-0.17012800900382322,3.0,1
Mandera,2023,11,64.5,-27.1,53.9,0,65.0,-38.6,0.20800000000000002,-1.71342180413237,-9.734649799444615,-0.31839193425884565,3.0,1
Mandera,2023,12,63.0,-17.1,80.03333333333332,0,55.9,-22.3,0.231,-1.2989232609810288,-6.128088426527959,-0.428863094252784,3.0,1
Mandera,2024,1,76.9,64.5,57.19999999999999,0,82.7,65.0,-0.03799999999999998,6.372294372294372,3.191668066521082,0.10604989098102258,3.0,0
Mandera,2024,2,40.0,63.0,33.666666666666664,0,47.7,55.9,-0.10600000000000004,1.3836887514243854,6.443343018287473,0.22960316202687464,2.0,0
Mandera,2024,3,0.0,76.9,37.26666666666666,0,7.7,82.7,0.0,0.04816955684007707,7.896103896103897,0.23396386571084588,2.0,0
Mandera,2024,4,69.6,40.0,56.73333333333333,0,82.7,47.7,-0.03400000000000003,0.30492697801316004,1.741819957675403,0.26158165570933045,2.0,0
Mandera,2024,5,21.8,0.0,82.1,0,32.3,7.7,0.09400000000000003,-1.3599999999999999,-1.0115606936416186,0.13802838466347842,2.0,0
Mandera,2024,6,48.4,69.6,53.133333333333326,0,50.5,82.7,-0.127,2.51419302514193,1.4283421601669073,0.3633314083353263,2.0,0
Mandera,2024,7,15.7,21.8,33.099999999999994,0,25.0,32.3,-0.03999999999999998,-1.5031645569620253,-0.4,0.22524245834290338,2.0,0
Mandera,2024,8,15.7,48.4,8.199999999999996,0,14.1,50.5,-0.04200000000000004,-3.2931726907630523,-2.3519870235198703,-0.07273896006179864,2.0,0
Mandera,2024,9,20.0,15.7,8.066666666666661,0,31.4,25.0,-0.04600000000000001,-0.09966777408637872,-4.841772151898734,-0.08146036742974114,2.0,0
Mandera,2024,10,10.0,15.7,22.33333333333333,0,4.1,14.1,-0.032,2.826737612238111,-0.6586345381526104,0.165646174661963,2.0,0
Mandera,2024,11,6.9,20.0,42.666666666666664,0,-0.5,31.4,0.041000000000000036,-1.0672703751617076,1.627906976744186,0.0697106936145955,2.0,0
Mandera,2024,12,45.8,10.0,59.76666666666667,0,50.0,4.1,0.07199999999999998,0.06538084341288003,1.7958097771865646,0.07552496519322384,2.0,0
Marsabit,2019,1,,,14.0,0,,,,,,-1.5702642042978057,,0
Marsabit,2019,2,66.7,,11.7,0,66.9,,,1.6945649927671007,,-1.4497870193076918,2.0,0
Marsabit,2019,3,11.9,,37.9,0,20.8,,,1.0770168664905508,,-1.3719176192531062,2.0,0
Marsabit,2019,4,44.7,66.7,63.23333333333333,0,29.6,66.9,-0.08600000000000002,-2.251708886208283,0.4753048150444307,-1.536471823142042,2.0,0
Marsabit,2019,5,44.2,11.9,89.3,0,33.8,20.8,0.04799999999999999,0.30851501439736734,-0.8941272099166836,-1.514433313692631,2.0,0
Marsabit,2019,6,40.4,44.7,62.93333333333333,0,39.2,29.6,0.0010000000000000009,0.7176542956735698,-1.2464817048652996,-1.4630101249773386,2.0,0
Marsabit,2019,7,33.3,44.2,37.53333333333333,0,30.0,33.8,0.02100000000000002,-0.6311074918566776,0.390785684903332,-1.5085563778394546,2.0,0
Marsabit,2019,8,64.3,40.4,12.200000000000001,0,41.9,39.2,-0.0010000000000000009,-0.22536365498873182,-0.14353085913471397,-1.5247179514356894,2.0,0
Marsabit,2019,9,38.1,33.3,11.266666666666666,0,38.8,30.0,-0.07100000000000001,3.449691991786448,2.5651465798045603,-1.2778866456022857,2.0,0
Marsabit,2019,10,0.0,64.3,25.033333333333335,0,2.7,41.9,-0.08200000000000002,-3.255260023818976,-0.14341323499282935,-1.5188410155825132,2.0,0
Marsabit,2019,11,3.9,38.1,44.800000000000004,0,10.4,38.8,-0.03799999999999998,-0.02051702913418137,0.06160164271047228,-1.5203102495458074,2.0,0
Marsabit,2019,12,33.7,0.0,70.53333333333333,0,24.2,2.7,0.15799999999999997,3.406525754155551,0.01984914648670107,-1.2764174116389915,2.0,0
Marsabit,2020,1,61.4,3.9,55.13333333333333,0,63.5,10.4,-0.0030000000000000027,4.385790831514189,7.919573245794009,-0.951716705751002,2.0,0
Marsabit,2020,2,6.0,33.7,34.199999999999996,0,9.2,24.2,-0.05499999999999999,-3.11787072243346,4.576236404678843,-1.1926710757312295,2.0,0
Marsabit,2020,3,-3.6,61.4,24.566666666666666,1,3.1,63.5,-0.20199999999999999,2.021193092621664,3.175233181186744,-1.0413399775119403,2.0,0
Marsabit,2020,4,-9.1,6.0,37.0,2,-14.2,9.2,-0.07299999999999998,-1.8080400076937873,-2.9467680608365017,-1.179447970061583,2.0,0
Marsabit,2020,5,-26.0,-3.6,56.300000000000004,3,-18.8,3.1,0.021999999999999964,3.1537708129285016,3.3359497645211933,-0.9429013019712376,2.0,0
Marsabit,2020,6,5.8,-9.1,40.2,0,11.5,-14.2,0.006000000000000005,-2.8674515761488797,-1.6156953260242353,-1.1647556304286422,2.0,0
Marsabit,2020,7,0.0,-26.0,26.866666666666664,0,-11.9,-18.8,-0.026999999999999996,2.463343108504399,2.6640548481880506,-0.9796321510535893,2.0,0
Marsabit,2020,8,-26.2,5.8,7.633333333333334,1,-29.2,11.5,-0.046999999999999986,-3.8542262926922346,-4.310672236992024,-1.2764174116389915,2.0,0
Marsabit,2020,9,-1.2,0.0,7.366666666666667,2,-6.5,-11.9,-0.017000000000000015,0.5358205993252629,-0.9579667644183774,-1.2367480946300518,2.0,0
Marsabit,2020,10,-9.5,-26.2,21.96666666666667,3,-18.5,-29.2,0.08500000000000002,2.0331622581918674,-1.3737836290784202,-1.0854169964107623,2.0,0
Marsabit,2020,11,-5.7,-1.2,29.633333333333336,4,3.5,-6.5,-0.07899999999999999,-0.8318823757012962,1.7265330422702916,-1.1485940568324073,2.0,0
Marsabit,2020,12,-41.0,-9.5,44.0,5,-36.9,-18.5,0.06900000000000003,-3.3359344518142797,-2.191077773391236,-1.3998330645556936,2.0,0
Marsabit,2021,1,-4.4,-5.7,28.3,6,8.1,3.5,-0.16100000000000003,29.001009081735617,23.660282453085703,0.711456140697886,2.0,1
Marsabit,2021,2,-65.5,-41.0,19.166666666666668,7,-58.5,-36.9,-0.031,-0.2972465581977472,24.326960593055013,0.6835406953952987,3.0,1
Marsabit,2021,3,-53.6,-4.4,9.5,8,-48.8,8.1,-0.16800000000000004,3.5462105758669384,33.17860746720485,1.0155875710997586,3.0,1
Marsabit,2021,4,-65.2,-65.5,16.7,9,-56.5,-58.5,0.0050000000000000044,-2.1973026216093348,0.969962453066333,0.8025486464221184,3.0,1
Marsabit,2021,5,-60.7,-53.6,22.26666666666667,10,-56.5,-48.8,-0.04300000000000001,1.2395413696932134,2.5262827553742353,0.9200873634856441,3.0,1
Marsabit,2021,6,-67.0,-65.2,16.166666666666668,11,-65.4,-56.5,0.018000000000000002,-3.1833486378940923,-4.136990453098955,0.6144866991204774,3.0,1
Marsabit,2021,7,-59.5,-60.7,9.033333333333333,12,-49.6,-56.5,0.019000000000000003,1.4226999683844452,-0.5887821506042764,0.7467177558169438,3.0,1
Marsabit,2021,8,-63.1,-67.0,3.1,13,-49.2,-65.4,0.007000000000000006,2.9925187032418954,1.1325374961738597,1.0288106767694054,3.0,1
Marsabit,2021,9,-66.7,-59.5,3.033333333333333,14,-62.7,-49.6,0.0010000000000000009,-1.2863196125907992,3.1141321530192854,0.9039257898894093,3.0,1
Marsabit,2021,10,-61.9,-63.1,9.566666666666666,15,-49.2,-49.2,-0.0040000000000000036,0.5059021922428331,2.182044887780549,0.9524105106781137,3.0,1
Marsabit,2021,11,-57.2,-66.7,15.133333333333333,16,-50.8,-62.7,-0.017,0.7626601586333129,-0.03026634382566586,1.0258722088428172,3.0,1
Marsabit,2021,12,-63.2,-61.9,20.333333333333332,17,-69.2,-49.2,-0.031,0.030275507114744173,1.3030814042618428,1.0288106767694054,3.0,1
Marsabit,2022,1,-64.6,-57.2,13.566666666666668,18,-61.2,-50.8,-0.048,1.6495157384987893,2.455765710799268,1.188957178768459,3.0,1
Marsabit,2022,2,-71.4,-63.2,8.0,19,-69.2,-69.2,0.021999999999999992,1.2803334822093198,2.982137450802301,1.315311299611749,4.0,1
Marsabit,2022,3,-66.7,-64.6,9.966666666666667,20,-60.8,-61.2,-0.020000000000000004,-5.012494487726003,-2.209443099273608,0.814302518128471,4.0,1
Marsabit,2022,4,-60.4,-71.4,17.133333333333333,21,-68.8,-69.2,0.016,3.7913958526771894,-0.14887598630340926,1.1742648391355184,4.0,1
Marsabit,2022,5,-61.7,-66.7,24.933333333333334,22,-63.1,-60.8,0.016,-0.6262114209035335,-2.0285168308099366,1.1125570126771673,4.0,1
Marsabit,2022,6,-58.0,-60.4,17.8,23,-54.6,-68.8,0.03799999999999999,-1.0352588147036759,2.0736614051377282,1.0111798692098763,4.0,1
Marsabit,2022,7,-60.7,-61.7,10.866666666666667,24,-54.2,-63.1,0.009999999999999995,2.501516070345664,0.8051289697331148,1.253603473153398,4.0,1
Marsabit,2022,8,-63.1,-58.0,3.1333333333333333,25,-59.2,-54.6,-0.007999999999999993,-0.961396243159296,0.46511627906976744,1.1581032655392836,4.0,1
Marsabit,2022,9,-64.3,-60.7,3.0666666666666664,26,-57.7,-54.2,0.0,-2.3894862604540026,-0.9096422073984234,0.9230258314122323,4.0,1
Marsabit,2022,10,-63.1,-63.1,7.433333333333333,27,-54.2,-59.2,-0.025999999999999995,1.346389228886169,-2.0263274663511317,1.0523184201821105,4.0,1
Marsabit,2022,11,-69.5,-64.3,12.466666666666669,28,-69.2,-57.7,0.0,1.4945652173913044,0.4032258064516129,1.1977725825482235,4.0,1
Marsabit,2022,12,-65.9,-63.1,18.366666666666667,29,-57.7,-54.2,0.01100000000000001,0.5652238583965492,3.442472460220318,1.253603473153398,4.0,1
Marsabit,2023,1,-60.8,-69.5,14.9,30,-50.0,-69.2,0.13,-6.152935956219494,-4.211956521739131,0.6424021444230648,4.0,1
Marsabit,2023,2,-31.0,-65.9,10.566666666666666,31,-19.2,-57.7,0.039999999999999994,0.37825059101654845,-5.2655064703257475,0.6776637595421224,3.0,1
Marsabit,2023,3,-39.3,-60.8,16.266666666666666,32,-42.3,-50.0,0.024999999999999994,2.87329251059821,-3.091258689542967,0.9465335748249374,3.0,1
Marsabit,2023,4,-39.3,-31.0,32.666666666666664,33,-40.4,-19.2,-0.0069999999999999785,-8.028083028083028,-5.027580772261624,0.17371651013225617,3.0,1
Marsabit,2023,5,-11.9,-39.3,43.26666666666666,34,-21.9,-42.3,0.017000000000000015,7.965482907401261,2.151044119956037,0.8789488125134101,3.0,1
Marsabit,2023,6,-40.9,-39.3,32.06666666666667,35,-35.8,-40.4,0.0020000000000000018,1.5985244389794036,0.8852258852258852,1.0317491446959934,3.0,1
Marsabit,2023,7,-48.8,-11.9,15.533333333333333,36,-39.6,-21.9,-0.05400000000000002,-3.6308623298033282,5.708596083637571,0.6791329935054164,3.0,1
Marsabit,2023,8,-35.7,-40.9,5.333333333333333,37,-42.7,-35.8,0.026999999999999996,-1.7896389324960755,-3.84260682446972,0.5116403216898925,3.0,1
Marsabit,2023,9,-25.0,-48.8,5.966666666666666,38,-25.4,-39.6,0.064,-0.5115089514066496,-5.83963691376702,0.4646248348644822,3.0,1
Marsabit,2023,10,-26.2,-35.7,26.866666666666664,39,-15.0,-42.7,0.20299999999999999,-7.567480719794345,-9.68602825745683,-0.22738436184702512,3.0,1
Marsabit,2023,11,28.4,-25.0,58.79999999999999,0,35.4,-25.4,0.305,0.2954980010429341,-7.768542199488492,-0.2024073844710259,3.0,1
Marsabit,2023,12,92.5,-26.2,87.43333333333332,0,91.9,-15.0,0.262,3.050259965337955,-4.466580976863753,0.056177793068730525,3.0,1
Marsabit,2024,1,73.6,28.4,68.26666666666667,0,85.8,35.4,-0.022999999999999965,2.3545240497813658,5.7882843733704155,0.26187054792990044,3.0,1
Marsabit,2024,2,26.2,92.5,37.3,0,26.5,91.9,-0.20900000000000002,-1.4459415050936575,3.9514731369150775,0.1325779591600222,3.0,1
Marsabit,2024,3,9.5,73.6,33.833333333333336,0,11.5,85.8,-0.16199999999999998,-2.0840280093364454,-1.2277161116717121,-0.05107628625173663,3.0,1
Marsabit,2024,4,30.9,26.2,48.20000000000001,0,23.5,26.5,-0.126,1.5324365741529031,-2.021031876437726,0.08115477044472973,3.0,1
Marsabit,2024,5,-13.9,9.5,70.0,1,-21.9,11.5,0.057999999999999996,2.096260271675331,1.5005001667222408,0.2648090158564886,3.0,1
Marsabit,2024,6,19.6,30.9,45.76666666666667,0,33.8,23.5,-0.03600000000000003,-1.9875164257555848,1.6005448663374766,0.087031706297906,3.0,1
Marsabit,2024,7,7.1,-13.9,31.23333333333333,0,9.6,-21.9,0.11099999999999999,1.3909837439249204,1.4589971490860305,0.20897812525131387,3.0,0
Marsabit,2024,8,20.2,19.6,9.700000000000001,0,20.8,33.8,-0.01899999999999996,-2.3305785123966944,-2.940210249671485,0.001816136426849912,2.0,0
Marsabit,2024,9,19.0,7.1,10.200000000000001,0,26.5,9.6,0.08900000000000002,1.8446437637502116,0.8547008547008548,0.1619626384259036,2.0,0
Marsabit,2024,10,25.0,20.2,33.699999999999996,0,43.8,20.8,0.07800000000000001,0.4652708541043536,-0.06611570247933884,0.2031011893981376,2.0,0
Marsabit,2024,11,52.0,19.0,52.26666666666667,0,50.8,26.5,-0.013000000000000012,-1.7863049950380416,0.4907767811812489,0.04442392136237796,2.0,0
Marsabit,2024,12,23.9,25.0,72.3,0,21.5,43.8,-0.04799999999999999,1.9366790165038734,0.581588567630442,0.21338582714119608,2.0,0
Turkana,2019,1,,,9.0,0,,,,,,-1.6224418815094037,,0
Turkana,2019,2,16.9,,9.45,0,25.8,,,3.9013933547695605,,-1.3573486344358472,2.0,0
Turkana,2019,3,28.6,,33.699999999999996,0,31.3,,,-1.5473488755931504,,-1.4665903571309942,2.0,0
Turkana,2019,4,49.5,16.9,53.73333333333333,0,58.3,25.8,0.019000000000000017,0.27242246437552387,2.572347266881029,-1.4476551251971688,2.0,0
Turkana,2019,5,25.6,28.6,70.43333333333334,0,33.8,31.3,-0.07500000000000001,-1.233019853709509,-2.4963895192902825,-1.5335919470506842,2.0,0
Turkana,2019,6,9.1,49.5,46.76666666666667,0,0.0,58.3,-0.02300000000000002,2.7295810410495136,1.7393126571668065,-1.3456961840150317,2.0,0
Turkana,2019,7,45.5,25.6,26.96666666666667,0,48.8,33.8,-0.013000000000000012,-0.10298661174047373,1.3584117032392893,-1.3529789655280413,2.0,0
Turkana,2019,8,26.0,9.1,10.266666666666666,0,28.3,0.0,0.08100000000000002,-2.1237113402061856,0.4443504020313161,-1.503004264696043,2.0,0
Turkana,2019,9,28.6,45.5,9.799999999999999,0,33.8,48.8,-0.055999999999999994,-0.9058352643775016,-3.110195674562307,-1.5656361857079273,2.0,0
Turkana,2019,10,27.3,26.0,29.133333333333336,0,25.4,28.3,0.03500000000000003,2.0620748299319724,-1.0103092783505154,-1.4243502243555373,2.0,0
Turkana,2019,11,44.8,28.6,48.4,0,42.9,33.8,0.03999999999999998,1.0831076858987712,2.232989256372446,-1.3486092966202354,2.0,0
Turkana,2019,12,44.8,27.3,65.86666666666667,0,50.4,25.4,0.013000000000000012,-1.2157428394807335,1.913265306122449,-1.4345461184737511,2.0,0
Turkana,2020,1,33.0,44.8,45.03333333333333,0,30.8,42.9,-0.21300000000000002,2.5031289111389237,2.353676317433868,-1.259759362161516,2.0,0
Turkana,2020,2,-32.5,44.8,24.433333333333334,1,-45.8,50.4,-0.172,0.6919006919006919,1.9575520296723676,-1.2102364478730494,2.0,0
Turkana,2020,3,-23.4,33.0,19.26666666666667,2,-21.2,30.8,-0.086,0.8690379951495554,4.1093032957863995,-1.1476045268611652,2.0,0
Turkana,2020,4,-15.1,-32.5,35.86666666666667,3,-5.0,-45.8,0.091,0.2604688439190543,1.8315018315018317,-1.1286692949273398,2.0,0
Turkana,2020,5,0.0,-23.4,48.03333333333334,0,-7.9,-21.2,-0.013000000000000012,1.6586730615507594,2.809215844785772,-1.007775121811377,2.0,0
Turkana,2020,6,-22.9,-15.1,34.166666666666664,1,-26.7,-5.0,-0.064,-0.9435816787890702,0.9617311160088158,-1.0776898243362711,2.0,0
Turkana,2020,7,-33.8,0.0,17.933333333333334,2,-31.7,-7.9,-0.05499999999999999,-0.2579876959714229,0.4396482813749001,-1.0966250562700965,2.0,0
Turkana,2020,8,-18.2,-22.9,5.933333333333334,3,-30.8,-26.7,0.026000000000000023,-0.07958615200955034,-1.2777668566935325,-1.1024512814805045,2.0,0
Turkana,2020,9,-16.9,-33.8,7.099999999999999,4,-15.8,-31.7,0.1,-1.6726403823178015,-2.004365945624132,-1.224802010899069,2.0,0
Turkana,2020,10,11.7,-18.2,19.400000000000002,0,10.0,-30.8,0.059,3.867962737950587,2.049343414245921,-0.9465997571020949,2.0,0
Turkana,2020,11,-7.6,-16.9,33.03333333333333,1,-6.2,-15.8,0.04799999999999999,0.15597582374731916,2.2899243329350853,-0.9349473066812792,2.0,0
Turkana,2020,12,1.2,11.7,41.7,0,4.2,10.0,-0.10200000000000001,-3.718123418337551,0.16200891049007696,-1.2131495604782534,2.0,0
Turkana,2021,1,-26.0,-7.6,28.233333333333334,1,-32.5,-6.2,-0.14500000000000002,30.125353821269712,25.48255020471827,0.9571193303986651,2.0,1
Turkana,2021,2,-63.6,1.2,13.4,2,-66.7,4.2,-0.16999999999999998,-2.050963331261653,22.71753941989488,0.7648538984552067,3.0,1
Turkana,2021,3,-63.6,-26.0,9.166666666666666,3,-66.7,-32.5,-0.05600000000000001,2.839467005076142,31.075616659927213,1.0255774766209573,3.0,1
Turkana,2021,4,-60.2,-63.6,18.233333333333334,4,-55.8,-66.7,0.05500000000000001,-7.7587536634274255,-7.085146053449347,0.292929656412172,3.0,1
Turkana,2021,5,-45.5,-63.6,22.03333333333333,5,-43.7,-66.7,0.0,8.879598662207359,3.2836294416243654,1.0663610530938121,3.0,1
Turkana,2021,6,-74.2,-60.2,15.633333333333335,6,-66.7,-55.8,-0.025999999999999995,-1.7508831208723696,-1.326546351997532,0.9003136345971888,3.0,1
Turkana,2021,7,-64.9,-45.5,6.766666666666668,7,-66.7,-43.7,-0.031000000000000014,-2.579334062841957,4.214046822742475,0.6599818446678656,3.0,1
Turkana,2021,8,-55.8,-74.2,2.8666666666666676,8,-56.7,-66.7,0.0,2.952503209242619,-1.4590692673936416,0.927988204346626,3.0,1
Turkana,2021,9,-67.5,-64.9,2.933333333333335,9,-66.7,-66.7,0.039999999999999994,-0.6857855361596009,-0.39080819133969047,0.8638997270321398,3.0,1
Turkana,2021,10,-62.3,-55.8,8.600000000000001,10,-50.0,-56.7,-0.015,-3.327055869428751,-1.1553273427471118,0.5551097908805246,3.0,1
Turkana,2021,11,-56.4,-67.5,12.833333333333334,11,-62.9,-66.7,0.0,7.5487012987013,3.2574812967581046,1.2324084715904353,3.0,1
Turkana,2021,12,-67.5,-62.3,17.066666666666666,12,-66.7,-50.0,-0.03,-3.8943396226415095,-0.07846829880728186,0.85661694551913,3.0,1
Turkana,2022,1,-66.6,-56.4,11.366666666666669,13,-62.5,-62.9,0.016,1.6962462698288046,5.113636363636364,1.0139250262001416,3.0,1
Turkana,2022,2,-57.1,-67.5,7.266666666666669,14,-56.3,-66.7,0.0,2.193050193050193,-0.12075471698113208,1.2207560211696198,4.0,1
Turkana,2022,3,-62.3,-66.6,8.56666666666667,15,-66.7,-62.5,-0.009999999999999995,-1.4810337010729937,2.387309564944244,1.0780135035146279,4.0,1
Turkana,2022,4,-64.5,-57.1,14.600000000000003,16,-66.7,-56.3,0.013999999999999999,0.8283479061205707,1.5135135135135136,1.1566675438551335,4.0,1
Turkana,2022,5,-61.1,-62.3,20.46666666666667,17,-50.4,-66.7,0.008999999999999994,1.8256503879507076,1.1485567477708931,1.3314543001673687,4.0,1
Turkana,2022,6,-62.7,-64.5,14.966666666666669,18,-62.9,-66.7,0.0,-0.6872852233676976,1.9634913330265378,1.2644527102476786,4.0,1
Turkana,2022,7,-61.0,-61.1,8.86666666666667,19,-66.7,-50.4,0.0020000000000000018,-1.474349330525049,-0.3651300775901415,1.1217101925926865,4.0,1
Turkana,2022,8,-59.7,-62.7,2.833333333333337,20,-49.6,-62.9,-0.008999999999999994,4.290731409375477,2.0469146869864034,1.531002513623837,4.0,1
Turkana,2022,9,-68.8,-61.0,3.06666666666667,21,-66.7,-66.7,0.026999999999999996,-6.8228404099560755,-4.257559801414171,0.8522472766113242,4.0,1
Turkana,2022,10,-51.9,-59.7,9.266666666666671,22,-55.4,-49.6,-0.03699999999999999,-0.17284726587052168,-2.992823331806383,0.8362251572827026,4.0,1
Turkana,2022,11,-53.6,-68.8,14.966666666666669,23,-65.0,-66.7,0.0059999999999999915,2.4555328191405636,-4.699853587115666,1.0634479404886081,4.0,1
Turkana,2022,12,-58.3,-51.9,19.500000000000004,24,-64.2,-55.4,-0.018000000000000002,3.04194192656322,5.389692017598994,1.351846088403796,4.0,1
Turkana,2023,1,-63.0,-53.6,14.100000000000003,25,-62.9,-65.0,0.09699999999999999,-10.079021917399732,-5.068471588226035,0.3672140278448719,4.0,1
Turkana,2023,2,-28.6,-58.3,9.400000000000004,26,-24.6,-64.2,0.062,1.492289835848118,-5.9609771086188355,0.49830409507904816,3.0,1
Turkana,2023,3,-29.9,-63.0,14.766666666666671,27,-38.3,-62.9,0.04600000000000001,5.554647933344225,-3.667809751006411,0.9935332379637142,3.0,1
Turkana,2023,4,-39.3,-28.6,23.200000000000003,28,-43.7,-24.6,-0.04999999999999999,-0.43336944745395445,6.665561266788261,0.9527496614908593,3.0,1
Turkana,2023,5,-44.0,-29.9,33.6,29,-45.4,-38.3,0.027999999999999997,-1.6632986165086274,3.3491259598104888,0.7968981371124497,3.0,1
Turkana,2023,6,-33.5,-39.3,24.633333333333336,30,-26.7,-43.7,0.063,-6.655074296553905,-8.605479028014239,0.1836879337170251,3.0,1
Turkana,2023,7,-15.6,-44.0,16.100000000000005,31,-17.5,-45.4,0.033,6.333615580016935,-2.3939064200217626,0.7284399908901577,3.0,1
Turkana,2023,8,-32.5,-33.5,5.3999999999999995,32,-31.7,-26.7,-0.03799999999999998,2.6755852842809364,1.9127410686057542,0.9731414497272868,3.0,1
Turkana,2023,9,-41.6,-15.6,5.7,33,-42.5,-17.5,0.07,-11.865984178687762,-3.7764606265876375,-0.1411241217632117,3.0,1
Turkana,2023,10,-3.9,-32.5,28.566666666666666,34,11.7,-31.7,0.19099999999999998,-0.8623724040830694,-10.288262462175506,-0.2124953805907077,3.0,1
Turkana,2023,11,57.9,-41.6,54.0,0,47.9,-42.5,0.308,-0.1952778270903604,-12.796649604467195,-0.22851749991932924,3.0,1
Turkana,2023,12,72.8,-3.9,74.73333333333333,0,85.8,11.7,0.05099999999999999,0.8004268943436499,-0.26399155227032733,-0.1629724663022411,3.0,1
Turkana,2024,1,48.9,57.9,52.83333333333332,0,32.9,47.9,-0.11299999999999999,2.8763013940356448,3.4972483578909994,0.07444621102187819,3.0,1
Turkana,2024,2,5.2,72.8,29.066666666666663,0,0.8,85.8,-0.183,-0.8061749571183533,2.863749555318392,0.005988064799586125,3.0,1
Turkana,2024,3,23.4,48.9,36.1,0,9.6,32.9,0.057999999999999996,0.5014698253501643,2.558673019234163,0.04822819757504293,3.0,1
Turkana,2024,4,64.9,5.2,62.63333333333333,0,57.1,0.8,0.20500000000000002,-0.10323468685478321,-0.411663807890223,0.03948885975943118,3.0,1
Turkana,2024,5,59.5,23.4,81.13333333333334,0,86.3,9.6,0.02899999999999997,3.995866345160179,4.409476050492824,0.3774099219630856,3.0,1
Turkana,2024,6,18.2,64.9,53.633333333333326,0,21.7,57.1,-0.126,-1.2586949320967207,2.5808671713695803,0.2667116429653367,3.0,1
Turkana,2024,7,6.5,59.5,27.833333333333332,0,4.6,86.3,-0.13,-1.2244213351224422,1.4295556321047194,0.16038303287539377,3.0,0
Turkana,2024,8,33.8,18.2,8.700000000000001,0,32.1,21.7,-0.05999999999999997,-0.16980811682798438,-2.6333222921497184,0.14581746984937416,2.0,0
Turkana,2024,9,-1.3,6.5,9.299999999999999,1,-3.3,4.6,0.05299999999999999,1.0035720360605545,-0.4025494800402549,0.23175429170288972,2.0,0
Turkana,2024,10,29.9,33.8,28.299999999999997,0,26.7,32.1,0.035999999999999976,-0.1684068710003368,0.6622516556291391,0.21718872867687014,2.0,0
Turkana,2024,11,44.0,-1.3,45.4,0,47.1,-3.3,0.07299999999999998,-1.4507422402159245,-0.6293587344786528,0.0919248866531017,2.0,0
Turkana,2024,12,26.0,29.9,62.46666666666667,0,27.1,26.7,0.01100000000000001,3.8514207463197536,2.172448635904345,0.4196500547385424,2.0,0
