experiment_id,timestamp,forecast_horizon,fold_name,model_name,feature_set,num_features,train_samples,test_samples,recall,precision,f1_score,roc_auc,pr_auc,brier_score,false_negative_rate,ablation_set,feature_count
exp_1m_fold1_drought_peak_persistence_e0342e,2026-09-25T14:45:21.141276+00:00,1,fold1_drought_peak,persistence,all_features,28,240,60,1.0,0.9388,0.9684,0.8929,0.9388,0.05,0.0,,
exp_1m_fold1_drought_peak_historical_frequency_323b9b,2026-09-25T14:45:21.161542+00:00,1,fold1_drought_peak,historical_frequency,all_features,28,240,60,0.0,0.0,0.0,0.5,0.7667,0.2689,1.0,,
exp_1m_fold1_drought_peak_seasonal_baseline_a66b53,2026-09-25T14:45:21.191489+00:00,1,fold1_drought_peak,seasonal_baseline,all_features,28,240,60,0.0435,0.4,0.0784,0.4146,0.7507,0.2842,0.9565,,
exp_1m_fold1_drought_peak_logistic_regression_598504,2026-09-25T14:45:21.231236+00:00,1,fold1_drought_peak,logistic_regression,all_features,28,240,60,0.8696,0.9756,0.9195,0.9317,0.9709,0.0835,0.1304,,
exp_1m_fold1_drought_peak_random_forest_8a261b,2026-09-25T14:45:21.481351+00:00,1,fold1_drought_peak,random_forest,all_features,28,240,60,1.0,0.92,0.9583,0.941,0.9697,0.0805,0.0,,
exp_1m_fold1_drought_peak_hist_gradient_boosting_12d44e,2026-09-25T14:45:21.697219+00:00,1,fold1_drought_peak,hist_gradient_boosting,all_features,28,240,60,0.8913,0.9762,0.9318,0.9317,0.9624,0.0748,0.1087,,
exp_1m_fold1_drought_peak_calibrated_ensemble_5d229e,2026-09-25T14:45:22.151260+00:00,1,fold1_drought_peak,calibrated_ensemble,all_features,28,240,60,0.913,0.9767,0.9438,0.941,0.9683,0.0658,0.087,,
exp_1m_fold2_recovery_transition_persistence_d60e6b,2026-09-25T14:45:22.189213+00:00,1,fold2_recovery_transition,persistence,all_features,28,300,55,1.0,0.625,0.7692,0.9333,0.625,0.1091,0.0,,
exp_1m_fold2_recovery_transition_historical_frequency_676ee0,2026-09-25T14:45:22.234986+00:00,1,fold2_recovery_transition,historical_frequency,all_features,28,300,55,1.0,0.1818,0.3077,0.5,0.1818,0.2677,0.0,,
exp_1m_fold2_recovery_transition_seasonal_baseline_6ca10e,2026-09-25T14:45:22.263600+00:00,1,fold2_recovery_transition,seasonal_baseline,all_features,28,300,55,1.0,0.1818,0.3077,0.5,0.1818,0.2631,0.0,,
exp_1m_fold2_recovery_transition_logistic_regression_fea6b1,2026-09-25T14:45:22.301366+00:00,1,fold2_recovery_transition,logistic_regression,all_features,28,300,55,0.1,0.5,0.1667,0.82,0.4077,0.128,0.9,,
exp_1m_fold2_recovery_transition_random_forest_160e22,2026-09-25T14:45:22.482621+00:00,1,fold2_recovery_transition,random_forest,all_features,28,300,55,0.9,0.6429,0.75,0.9156,0.5549,0.0924,0.1,,
exp_1m_fold2_recovery_transition_hist_gradient_boosting_b8a871,2026-09-25T14:45:23.611552+00:00,1,fold2_recovery_transition,hist_gradient_boosting,all_features,28,300,55,0.2,0.2,0.2,0.6622,0.2808,0.2083,0.8,,
exp_1m_fold2_recovery_transition_calibrated_ensemble_2eb143,2026-09-25T14:45:25.117614+00:00,1,fold2_recovery_transition,calibrated_ensemble,all_features,28,300,55,0.2,0.2857,0.2353,0.8378,0.3968,0.1294,0.8,,
exp_2m_fold1_drought_peak_persistence_5d3068,2026-09-25T14:45:25.175444+00:00,2,fold1_drought_peak,persistence,all_features,28,240,60,1.0,0.898,0.9462,0.8438,0.898,0.0833,0.0,,
exp_2m_fold1_drought_peak_historical_frequency_e5bfad,2026-09-25T14:45:25.211676+00:00,2,fold1_drought_peak,historical_frequency,all_features,28,240,60,0.0,0.0,0.0,0.5,0.7333,0.2581,1.0,,
exp_2m_fold1_drought_peak_seasonal_baseline_c4db54,2026-09-25T14:45:25.246090+00:00,2,fold1_drought_peak,seasonal_baseline,all_features,28,240,60,0.0909,0.4,0.1481,0.358,0.703,0.2858,0.9091,,
exp_2m_fold1_drought_peak_logistic_regression_c2521f,2026-09-25T14:45:25.307298+00:00,2,fold1_drought_peak,logistic_regression,all_features,28,240,60,0.8636,0.95,0.9048,0.9489,0.9801,0.1098,0.1364,,
exp_2m_fold1_drought_peak_random_forest_b72cc7,2026-09-25T14:45:25.611467+00:00,2,fold1_drought_peak,random_forest,all_features,28,240,60,0.9773,0.8776,0.9247,0.956,0.9839,0.0975,0.0227,,
exp_2m_fold1_drought_peak_hist_gradient_boosting_126a4b,2026-09-25T14:45:25.862717+00:00,2,fold1_drought_peak,hist_gradient_boosting,all_features,28,240,60,0.8864,0.975,0.9286,0.9659,0.9871,0.0834,0.1136,,
exp_2m_fold1_drought_peak_calibrated_ensemble_c10ecc,2026-09-25T14:45:26.285387+00:00,2,fold1_drought_peak,calibrated_ensemble,all_features,28,240,60,0.9318,0.9535,0.9425,0.9673,0.9874,0.075,0.0682,,
exp_2m_fold2_recovery_transition_persistence_9a888d,2026-09-25T14:45:26.333517+00:00,2,fold2_recovery_transition,persistence,all_features,28,300,50,1.0,0.5,0.6667,0.9048,0.5,0.16,0.0,,
exp_2m_fold2_recovery_transition_historical_frequency_1d6056,2026-09-25T14:45:26.365546+00:00,2,fold2_recovery_transition,historical_frequency,all_features,28,300,50,1.0,0.16,0.2759,0.5,0.16,0.2738,0.0,,
exp_2m_fold2_recovery_transition_seasonal_baseline_b128b5,2026-09-25T14:45:26.393933+00:00,2,fold2_recovery_transition,seasonal_baseline,all_features,28,300,50,1.0,0.16,0.2759,0.5,0.16,0.264,0.0,,
exp_2m_fold2_recovery_transition_logistic_regression_f51eac,2026-09-25T14:45:26.441572+00:00,2,fold2_recovery_transition,logistic_regression,all_features,28,300,50,0.0,0.0,0.0,0.7083,0.2503,0.1476,1.0,,
exp_2m_fold2_recovery_transition_random_forest_0a2f9e,2026-09-25T14:45:26.840757+00:00,2,fold2_recovery_transition,random_forest,all_features,28,300,50,0.875,0.4667,0.6087,0.8958,0.5833,0.112,0.125,,
exp_2m_fold2_recovery_transition_hist_gradient_boosting_9a3847,2026-09-25T14:45:28.050035+00:00,2,fold2_recovery_transition,hist_gradient_boosting,all_features,28,300,50,0.0,0.0,0.0,0.7113,0.2679,0.153,1.0,,
exp_2m_fold2_recovery_transition_calibrated_ensemble_3fc244,2026-09-25T14:45:29.323353+00:00,2,fold2_recovery_transition,calibrated_ensemble,all_features,28,300,50,0.0,0.0,0.0,0.8185,0.3724,0.1134,1.0,,
exp_3m_fold1_drought_peak_persistence_d977b7,2026-09-25T14:45:29.373695+00:00,3,fold1_drought_peak,persistence,all_features,28,240,60,1.0,0.8571,0.9231,0.8056,0.8571,0.1167,0.0,,
exp_3m_fold1_drought_peak_historical_frequency_2144c9,2026-09-25T14:45:29.403875+00:00,3,fold1_drought_peak,historical_frequency,all_features,28,240,60,1.0,0.7,0.8235,0.5,0.7,0.25,0.0,,
exp_3m_fold1_drought_peak_seasonal_baseline_89f875,2026-09-25T14:45:29.441586+00:00,3,fold1_drought_peak,seasonal_baseline,all_features,28,240,60,0.1429,0.4,0.2105,0.3214,0.6571,0.2875,0.8571,,
exp_3m_fold1_drought_peak_logistic_regression_457e1a,2026-09-25T14:45:29.481437+00:00,3,fold1_drought_peak,logistic_regression,all_features,28,240,60,0.8095,0.8947,0.85,0.8558,0.9188,0.1477,0.1905,,
exp_3m_fold1_drought_peak_random_forest_dd275f,2026-09-25T14:45:29.697760+00:00,3,fold1_drought_peak,random_forest,all_features,28,240,60,0.9762,0.8367,0.9011,0.9683,0.9867,0.1079,0.0238,,
exp_3m_fold1_drought_peak_hist_gradient_boosting_b42ae7,2026-09-25T14:45:29.871518+00:00,3,fold1_drought_peak,hist_gradient_boosting,all_features,28,240,60,0.881,0.881,0.881,0.8876,0.9407,0.1342,0.119,,
exp_3m_fold1_drought_peak_calibrated_ensemble_8d104c,2026-09-25T14:45:30.339490+00:00,3,fold1_drought_peak,calibrated_ensemble,all_features,28,240,60,0.9048,0.8837,0.8941,0.9048,0.9519,0.1054,0.0952,,
exp_3m_fold2_recovery_transition_persistence_a55d09,2026-09-25T14:45:30.381233+00:00,3,fold2_recovery_transition,persistence,all_features,28,300,45,1.0,0.375,0.5455,0.8718,0.375,0.2222,0.0,,
exp_3m_fold2_recovery_transition_historical_frequency_68934d,2026-09-25T14:45:30.421304+00:00,3,fold2_recovery_transition,historical_frequency,all_features,28,300,45,1.0,0.1333,0.2353,0.5,0.1333,0.2809,0.0,,
exp_3m_fold2_recovery_transition_seasonal_baseline_a3f1d9,2026-09-25T14:45:30.456391+00:00,3,fold2_recovery_transition,seasonal_baseline,all_features,28,300,45,1.0,0.1333,0.2353,0.5,0.1333,0.2651,0.0,,
exp_3m_fold2_recovery_transition_logistic_regression_4b84cc,2026-09-25T14:45:30.507502+00:00,3,fold2_recovery_transition,logistic_regression,all_features,28,300,45,0.0,0.0,0.0,0.7521,0.2996,0.1251,1.0,,
exp_3m_fold2_recovery_transition_random_forest_edec50,2026-09-25T14:45:30.849898+00:00,3,fold2_recovery_transition,random_forest,all_features,28,300,45,0.5,0.3333,0.4,0.8504,0.4669,0.1039,0.5,,
exp_3m_fold2_recovery_transition_hist_gradient_boosting_8c6c54,2026-09-25T14:45:32.558765+00:00,3,fold2_recovery_transition,hist_gradient_boosting,all_features,28,300,45,0.1667,0.5,0.25,0.7949,0.3682,0.1073,0.8333,,
exp_3m_fold2_recovery_transition_calibrated_ensemble_75c32b,2026-09-25T14:45:34.708237+00:00,3,fold2_recovery_transition,calibrated_ensemble,all_features,28,300,45,0.0,0.0,0.0,0.8675,0.435,0.0914,1.0,,
ablation_h1_all_features,2026-09-25T14:45:35.215572+00:00,1,fold2_recovery_transition,random_forest_ablation,all_features,28,300,55,0.9,0.6429,0.75,0.9156,0.5549,0.0924,0.1,all_features,28.0
ablation_h1_minus_climate,2026-09-25T14:45:35.572489+00:00,1,fold2_recovery_transition,random_forest_ablation,minus_climate,22,300,55,1.0,0.625,0.7692,0.9156,0.5617,0.1039,0.0,minus_climate,22.0
ablation_h1_minus_vegetation,2026-09-25T14:45:35.881595+00:00,1,fold2_recovery_transition,random_forest_ablation,minus_vegetation,23,300,55,1.0,0.6667,0.8,0.9067,0.523,0.0984,0.0,minus_vegetation,23.0
ablation_h1_minus_market,2026-09-25T14:45:36.281445+00:00,1,fold2_recovery_transition,random_forest_ablation,minus_market,24,300,55,0.7,0.5833,0.6364,0.9089,0.5917,0.0873,0.3,minus_market,24.0
ablation_h1_minus_historical_risk,2026-09-25T14:45:36.525601+00:00,1,fold2_recovery_transition,random_forest_ablation,minus_historical_risk,25,300,55,0.2,0.2857,0.2353,0.7289,0.3174,0.1805,0.8,minus_historical_risk,25.0
ablation_h1_minus_spatial,2026-09-25T14:45:36.848723+00:00,1,fold2_recovery_transition,random_forest_ablation,minus_spatial,23,300,55,1.0,0.625,0.7692,0.9133,0.5529,0.1031,0.0,minus_spatial,23.0
ablation_h1_minus_seasonality,2026-09-25T14:45:37.438497+00:00,1,fold2_recovery_transition,random_forest_ablation,minus_seasonality,23,300,55,1.0,0.625,0.7692,0.9267,0.6558,0.0963,0.0,minus_seasonality,23.0
